Xbox Game Title	Title ID (Hex)	Title	XDK version
007: Agent Under Fire	4541000D	Agent Under Fire ™	4039
007: Everything or Nothing	45410042	James Bond 007: Everything or Nothing	5659
007: From Russia with love	45410079	FROM RUSSIA WITH LOVE (TM)	5849
007: NightFire	45410026	007™: NightFire™	4831
187 Ride or Die	55530036	187 Ride or Die	5849
2002 FIFA World Cup Korea Japan	4541000B	FIFA World Cup TM	4039
25 To Life	45530018	25 To Life	5849
4X4 EVO 2	54540001	4X4 EVO 2	3925
50 Cent: Bulletproof	56550042	50 Cent: Bulletproof	5849
Advent Rising	4D4A0009	Advent Rising	5849
Aeon Flux	4D4A0014	Aeon Flux	5849
AFL Live 2003	4143000D	AFL Live 2003	4531
AFL Live 2004	4143001B	AFL Live 2004	5455
AFL Live Premiership Edition	41430023	AFL Live Premiership Edition	5849
Afterburner ll Arcade			4721
Aggressive Inline	41430007	Aggressive Inline	4627
Airforce Delta Storm (NTSC)	4B4E0002	Airforce Delta Storm	3925
Alias	41430016	ALIAS	5788
Alien Hominid	5A440004	Alien Hominid	5849
Aliens vs Predator: Extinction	56550022	AvP: Extinction	5455
All-Star Baseball 2003	41430002	All-Star Baseball '03	4134
All-Star Baseball 2004	41430018	All-Star Baseball '04	5233
All-Star Baseball 2005	4143001C	All-Star Baseball '05	5788
Alter Echo	5451000F	Alter Echo	5233
American Chopper	4156003D	American Chopper	5849
American Chopper 2: Full Throttle	4156004F	American Chopper 2 Full Throttle	5849
America's Army: Rise of a Soldier	55530043	America’s Army:RoaS	5849
AMF Bowling 2004	42530009	AMF Bowling 2004	5659
AMF Xtreme Bowling 2006	42530014	AMF Xtreme Bowling 2006	5849
Amped 2	4D530041	Amped 2	5558
Amped Freestyle Snowboarding (NTSC)	4D530005	Amped	3925
AND 1 Streetball	55530056	And 1 StreetBall	5849
Angelic Concert	53550007	エンジェリック・コンサート	4928
Antz Extreme Racing	454D0001	Antz Extreme Racing	4432
Aoi Namida	494C0006	青い涙	5849
APEX	49470015	APEX	5028
Aquaman: Battle for Atlantis	544D0003	Aquaman: Battle for Atlantis	5233
Arctic Thunder	4D570002	Arctic Thunder	3925
Area 51	4D570005	Area51	5849
Armed & Dangerous	4C41000D	Armed & Dangerous	5558
Army Men Major Malfunction	54540088	Army Men Major Malfunction	5849
Army Men: Sarge’s War	54540014	Army Men®: Sarge's War™	5849
Arx Fatalis	44430002	Arx Fatalis	5659
Atari Anthology	49470079	Atari Anthology	5849
ATV: Quad Power Racing 2	4143000A	ATV: Quad Power Racing 2	5120
Auto Modellista	4343000E	auto modellista	5558
Avatar: The Last Airbender	54510105	Avatar – The Last Airbender	5849
Azurik - Rise of Perathia (NTSC)	4D530007	Azurik - Rise of Perathia	3925
Azurik - Rise of Perathia (PAL)	4D530007	Azurik - Rise of Perathia	4039
Backyard Wrestling 2: There Goes The Neighborhood	45530016	Backyard Wrestling 2	5849
Backyard Wrestling: Don't Try This at Home	4553000D	Backyard Wrestling	5558
Bad Boys: Miami Takedown	454D0016	Bad Boys Miami Takedown	5849
Baldur’s Gate: Dark Alliance	5655001A	Baldur's Gate: Dark Alliance	4928
Baldur's Gate: Dark Alliance II	4950000A	Baldur's Gate: Dark Alliance 2	5659
Barbarian	54530002	Barbarian	4432
Barbie Horse Adventures: Wild Horse Rescue	5655002A	Barbie(tm) Horse	5558
Bass Pro Shops Trophy Hunter 2007	56550048	BPS Trophy Hunter 2007	5849
Batman Begins	45410389	Batman Begins™	5849
Batman: Dark Tomorrow	4B420001	Batman Dark Tomorrow	5028
Batman: Rise of Sin Tzu	5553001C	Batman: Rise of Sin Tzu	5558
Batman: Vengeance	55530001	BATMAN VENGEANCE	3948
Battle Engine Aquila	49470010	Battle Engine Aquila	4627
Battlefield 2: Modern Combat	45410062	Modern Combat	5849
Battlestar Galactica	5655000F	Battlestar Galactica	5558
Beat Down: Fists of Vengeance	43430015	BeatDown - Fists of Vengeance	5849
Beyond Good & Evil	55530018	Beyond Good & Evil	5659
Bicycle Casino	41560040	Bicycle Casino	5849
Big Mutha Truckers	454D0002	Big Mutha Truckers	5233
Big Mutha Truckers 2	454D0017	Big Mutha Truckers 2	5849
Bionicle	45410039	BIONICLE®	5558
Bistro Cupid	53550001	BistroCupid	4242
Bistro Cupid 2	53550008	ビストロ・きゅーぴっと２	5455
BLACK	45410083	Black	5849
Blackstone: Magic and Steel	58490004	Black Stone	5028
Blade 2	41560005	Blade II	4627
Blazing Angels: Squadrons of WWII	55530057	Blazing Angels: SOWWII	5849
Blinx 2: Masters of Time & Space	4D530065	BLiNX2	5849
Blinx: The Time Sweeper	4D530013	BLiNX: the time sweeper	4831
Blood Omen 2	45530006	Blood Omen 2	4134
Blood Wake	4D530010	Blood Wake	3948
BloodRayne	4D4A0001	BloodRayne	4831
BloodRayne 2	4D4A000D	BloodRayne 2	5849
Bloody Roar Extreme	48550001	BLOODY ROAR extreme	5233
Blowout - Military Fighting Unit 	4D4A0008	Blowout	5659
BMX XXX	4143000E	BMX XXX	5028
Braveknight	494C0002	Braveknight	4627
Break Nine Billiards	41530001	BREAK NINE	4531
Breakdown	4E4D0009	BREAKDOWN	5659
Breeders' Cup World Thoroughbred Championships	42530012	Breeders' Cup World Thoroughbred Champio	5849
Brian Lara International Cricket	434D004E	BLIC 2005	5849
Broken Sword: The Sleeping Dragon	5451001D	Broken Sword - The Sleeping Dragon	5558
Brothers In Arms: Earned In Blood	5553005A	Earned In Blood	5849
Brothers in Arms: Road to Hill 30	5553003C	Brothers In Arms	5849
Bruce Lee: Quest of the Dragon	56560002	Bruce Lee: QOD	4432
Brute Force	4D53001E	Brute Force	5233
Buffy the Vampire Slayer	45410012	Buffy: The Vampire Slayer	4432
Buffy the Vampire Slayer: Chaos Bleeds	56550005	Buffy : Chaos Bleeds	5455
Burnout	41430006	Burnout	4361
Burnout 2: Point of Impact	41430019	Burnout 2	5344
Burnout 3: Takedown	4541005B	Burnout 3	5849
Burnout Revenge	45410076	Burnout Revenge	5849
C.A.T. Cyber Attack Team	4D450001	C.A.T. ～サイバーアタックチーム～	5233
Cabela's Big Game Hunter 2005 Adventures	4156003E	Cabela's Big Game Hunter 2005 Adventures	5849
Cabela's Dangerous Hunts	41560019	Cabela's Dangerous Hunts	5659
Cabela's Dangerous Hunts 2	41560052	Dangerous 2	5849
Cabela's Deer Hunt 2005 Season	4156003F	Cabela's Deer Hunt 2005 Season	5849
Cabela's Deer Hunt: 2004 Season	41560030	Deer Hunt 2004 Season	5558
Cabela's Outdoor Adventures 06	4156004D	Cabela's Outdoor Adventures	5849
Call of Cthulhu: Dark Corners of the Earth	42530007	Call of Cthulhu: Dark Corners of the Ear	5849
Call of Duty 2: Big Red One	41560051	Call of Duty 2: Big Red One	5849
Call of Duty 3	4156005D	Call of Duty 3	5849
Call of Duty: Finest Hour	4156002A	Call of Duty: Finest Hour	5849
Capcom Classics Collection	43430018	Capcom Classics Collection	5849
Capcom Classics Collection Volume 2	43430019	Capcom Classics Vol. 2	5849
Capcom Fighting Evolution (NTSC)	43430010	Capcom Fighting Evo./Jam	5849
Capcom Fighting Jam (NTSC-J)	43430010	Capcom Fighting Evo./Jam	5849
CAPCOM VS. SNK2 EO	43430008	CAPCOM VS. SNK2 EO	5028
Carmen Sandiego: The Secret of the Stolen Drums	424D0006	Carmen SanDiego	5659
Cars	545100F2	Cars	5849
Carve	54540010	Carve	5659
Castlevania: Curse of Darkness	4B4E002D	Castlevania CoD	5849
Catwoman	4541005C	Catwoman	5849
Cel Damage	45410011	Cel Damage	3925
Celebrity Deathmatch	5454000B	Celebrity Deathmatch	5233
Championship Manager - Season 01-02	45530002	Championship Manager	4134
Championship Manager 2002-2003	4553000C	CM 2002/03	4928
Championship Manager 2006 	53430100	Championship Manager 2006	5849
Championship Manager 5	4553001A	Championship Manager 5	5849
Charlie and the Chocolate Factory	54540081	Charlie and the Chocolate Factory	5849
Chase - Hollywood Stunt Driver	424D0001	Chase	4721
Chessmaster	55530039	Chessmaster	5849
Chicago Enforcer	4B420005	Chicago Enforcer	5849
Circus Drive	43430005	CIRCUS DRIVE	5233
Circus Maximus	45430001	CircusMaximus	4134
Circus Maximus: Chariot Wars	5451000C	CircusMaximus	
Classified: The Sentinel Crisis	5454007D	Classified: The Sentinel Crisis	5849
Close Combat: First to Fight	54540012	Close Combat: First to Fight	5849
Club Football 2005 Arsenal	434D0031	Club Football 2005	5849
Club Football 2005 Celtic	434D0035	Club Football 2005	5849
Codename: Kids Next Door	5454008A	Codename: Kids Next Door	5849
Cold Fear	5553004B	Cold Fear	5849
Cold War	44430004	Cold War	5849
Colin McRae Rally 04	434D0010	Colin McRae Rally 04	5659
Colin McRae Rally 2005	434D002B	Colin McRae Rally 2005	5849
Colin McRae Rally 3	434D0001	Colin McRae Rally 3	4831
College Hoops 2K6	54540091	Hoops 2K6	5849
College Hoops 2K7	545400AF	Hoops 2K7	5849
Combat Elite: WWII Paratroopers	53500001	Combat Elite	5849
Combat Task Force 121	47560003	COMBAT	5849
Commandos 2	45530008	Commandos 2	4432
Commandos Strike Force	534300F9	Commandos: Strike Force	5849
Conan	544D0008	Conan	5849
Conflict Desert Storm II: Back to Baghdad	53430006	CDS II	5558
Conflict: Desert Storm	54540005	Conflict: Desert Storm	4531
Conflict: Global Terror	5343000C	Conflict: Global	5849
Conflict: Vietnam	5343000A	Conflict:Vietnam	5849
Conker: Live & Reloaded	4D530051	Conker: Live and Reloaded	5849
Conspiracy: WoMD	4F580001	Conspiracy: WoMD	5849
Constantine	5343000F	Constantine	5849
Corvette	544D000B	Corvette	5659
Counter Terrorist Special Forces - Fire for Effect	48500002	CT Special Forces	5849
Counter-Strike	4D530036	Counter-Strike	5659
Crash Bandicoot 4 - Sakuretsu! Majin Power	4B4E0011	Crash Bandicoot Japan	4432
Crash Bandicoot: The Wrath of Cortex	56550003	Crash Bandicoot: tWoC	4361
Crash 'N' Burn	45530014	Crash 'n' Burn	5849
Crash Nitro Kart	5655001F	Crash Nitro Kart	5558
Crash Tag Team Racing	56550041	Crash Tag Team Racing	5849
Crash Twinsanity	56550036	Crash Twinsanity	5849
Crazy Taxi 3	53450004	CRAZY TAXI 3 High Roller	4531
Crime Life: Gang Wars	4B4E001C	CrimeLife	5849
Crimson Sea	4B4F0002	CrimsonSea	4928
Crimson Skies: High Road to Revenge	4D530021	Crimson Skies	5659
Crouching Tiger Hidden Dragon	55530020	CROUCHING TIGER	5659
Crusty Demons: Freestyle Moto X	464C0002	Crusty Demons	5849
CSI: Crime Scene Investigation	5553003F	CSI 	5849
Curious George	4E4D0019	Curious George	5849
Curse	57450005	Curse - The Eye of Isis	5558
Daemon Vector	58500001	鬼疫	5849
Dai Senryaku VII: Modern Military Tactics	434B0001	Dai Senryaku VII	5849
Daisenryaku VII	434B0001	大戦略VII	5344
Dakar Rally 2 - Worlds Ultimate Rally	41430017	Dakar 2	5344
Dance Dance Revolution Ultramix 2	4B4E0021	DDR ULTRAMIX 2	5849
Dance Dance Revolution Ultramix 3	4B4E0029	DDR ULTRAMIX 3	5849
Dance Dance Revolution Ultramix 4	4B4E0037	DDR ULTRAMIX 4	5849
Dance Dance Revolution: Ultramix	4B4E0019	DDRULTRAMIX	5659
Dance UK	42420002	Dance: UK	5849
Dancing Stage Unleashed	4B4E001D	Dancing Stage Unleashed	5659
Dark Angel	56560010	Dark Angel Release	4721
Dark Summit	54510004	Dark Summit	4034
Darkwatch	43430016	Darkwatch	5849
Darkwatch	5553005C	Darkwatch	
David Beckham Soccer	52410003	David Beckham Soccer	4361
Dead Man’s Hand	49470027	Dead Man's Hand	5788
Dead or Alive 3	54430001	Dead or Alive 3	3925
Dead or Alive Ultimate	54430006	DOAU1	5849
Dead or Alive Ultimate II	54430006	DEAD OR ALIVE ULTIMATE	5849
Dead or Alive XtremeBeachVolleyBall	54430007	Dead or Alive XtremeBeachVolleyBall	4928
Dead to Rights	4541002C	Dead To Rights	5120
Dead to Rights II: Hell to Pay	4E4D0015	Dead To Rights 2	5849
Deathrow	55530004	Deathrow	4721
Def Jam: Fight For NY	45410049	DJFFNY	5849
Defender	4D570006	Defender	4928
Delta Force – Black Hawk Down	4E4C0002	Delta Force BHD	5849
Dennou Taisen DroneZ	4D440003	DroneZ	5849
Destroy All Humans!	54510026	Destroy All Humans!	5849
Destroy All Humans! 2	54510106	Destroy All Humans! 2	5849
Deus Ex: Invisible War	45530005	Deus Ex: Invisible War	5558
Die Hard: Vendetta	56560029	Die Hard: Vendetta	5344
Digimon Battle Chronicle	42410001	Digimon Battle Chronicle	5788
Digimon Rumble Arena 2	42410001	Digimon Rumble Arena 2	5788
Digimon World 4	42410002	DigimonWorld4	5849
Digimon World X	42410002	デジモンワールドＸ	5849
Dino Crisis 3	43430003	DINO CRISIS 3	5558
Dinosaur Hunting	4D530069	DinosaurHunting	5455
Dinotopia: The Sunstone Odyssey	544D000F	Dinotopia: The Sunstone Odyssey	5455
Disney’s Chicken Little	42560002	Chicken Little	5849
Disney's Extreme Skate Adventure	41560027	Disney Extreme Skate Adventure	5455
Doom 3	41560020	DOOM 3	5849
DOOM 3: Resurrection of Evil	4156004E	DOOM 3 RoE	5849
Double-S.T.E.A.L	42550001	DOUBLE-STEAL	4134
Double-S.T.E.A.L - The Second Clash	42550004	DOUBLE S.T.E.A.L SECOND CLASH	5849
Dr. Muto	4D570011	Dr. Muto	4928
Dr. Seuss' The Cat in the Hat	56550028	Cat In The Hat	5659
Dragon Ball Z: Sagas	4947007A	Dragon Ball Z Sagas	5849
Dragon's Lair 3D	55530012	Dragon's Lair 3D	5659
Drake	4D4A000B	Drake	5558
Dreamfall: The Longest Journey (NTSC)	41590004	Dreamfall	5849
Dreamfall: The Longest Journey (PAL)	4D580001	Dreamfall	5849
Drihoo	48570001	DRIHOO	4928
DRIV3R	49470038	DRIV3R	5849
Driver Parallel Lines	4947007F	Driver : Parallel Lines	5849
DTM Race Driver 2 - Ultimate Racing Simulator	434D0011	Race Driver 2	5849
DTM Race Driver 3 - The Ultimate Racing Simulator	434D0050	Race Driver 3	5849
DTM Race Driver Live	434D000E	DTM Race Driver	5558
Dungeons & Dragons: Heroes	49470013	D&D Heroes	5455
Dynasty Warriors 3	4B4F0003	DynastyWarriors3	4721
Dynasty Warriors 4	4B4F0004	DynastyWarriors4	5455
Dynasty Warriors 5	4B4F0007	Dynasty Warriors 5	5849
EA Sports Arena Football	45410094	Arena Football™	5849
EA Sports Cricket 2005	45410074	EA SPORTS™ Cricket 2005	5849
EA Sports: Fight Night Round 3	45410086	EA SPORTS FN 3	5849
Ed, Edd n Eddy: The Mis-Edventures	4D570032	Ed, Edd n Eddy: The MIS-EDventures	5849
Egg Mania: Eggstreme Madness	4B420002	Egg Mania	4627
Elder Scrolls III: Morrowind	42530001	Morrowind	4531
Enclave	5655000E	Enclave	4531
Enter The Matrix	49470022	Enter The Matrix	5344
Eragon	56550043	Eragon	5849
ESPN College Hoops 2K4	53450024	ESPN College Hoops	5558
ESPN College Hoops 2K5	53450033	ESPN COLLEGE HOOPS 2K5	5849
ESPN Football 2004	53450022	ESPN NFL FOOTBALL	5558
ESPN International Winter Sports	4B4E000B	Winter Sports	4134
ESPN Major League Baseball	53450028	ESPN Major League Baseball	5659
ESPN MLS ExtraTime 2002	4B4E0005	ESPN MLS Extratime 2002	4134
ESPN NBA 2K5	53450031	ESPN NBA 2K5	5849
ESPN NBA 2Night 2002	4B4E0006	NBA2NIGHT 2002	4361
ESPN NBA Basketball	53450023	ESPN NBA BASKETBALL	5558
ESPN NFL 2K5	53450030	ESPN NFL 2K5	5849
ESPN NFL Primetime 2002	4B4E0003	ESPN NFL PrimeTime 2002	3948
ESPN NHL 2K5	53450032	ESPN NHL 2K5	5849
ESPN NHL Hockey	53450026	ESPN NHL Hockey	5558
ESPN X-Games Snowboarding 2002	4B4E0009	ESPN Winter X Games Snowboarding 2002	4134
Evil Dead Regeneration	54510025	Evil Dead: Regeneration	5849
Evil Dead: Fistfull of Boomstick	5451000B	Evil Dead: A Fistful Of Boomstick	5233
Exa Skeleton	4B4B0003	ExaSkeleton	5455
ExChaser	49460001	ExChaser	5028
F1 2001	45410007	F1 2001	3925
F1 2002	45410014	F1 2002	4134
F1 Career Challenge	45410032	F1 Career Challenge	5233
Fable	4D53000D	Fable	5849
Fable: The Lost Chapters	4D5300D1	Fable: The Lost Chapters	5849
Fahrenheit			5849
Fairly Odd Parents: Breakin' Da Rules	54510020	Fairly OddParents	5558
Fallout: Brotherhood of Steel	49500008	Fallout Brotherhood of Steel	5558
Family Guy	545400B0	Family Guy	5849
Fantastic Four	4156001A	Fantastic Four	5849
Far Cry Instincts	55530008	FarCry Instincts	5849
Far Cry Instincts Evolution	55530060	FarCry Instincts Evolution	5849
Fatal Frame (NTSC)	54430004	FATAL FRAME	4721
Fatal Frame (NTSC-J)	54430004	FATAL FRAME	4928
Fatal Frame 2: Crimson Butterfly Director's Cut	5443000A	Fatal Frame 2	5849
FIFA 2004	4541003B	FIFA Football 2004	5455
FIFA Soccer 06	45410078	FIFA 06	5849
FIFA Soccer 07	454100A6	FIFA 07	5849
FIFA Soccer 2003	45410017	FIFA SOCCER 2003	4721
FIFA Soccer 2005	4541004E	FIFA Soccer 2005	5849
FIFA STREET	45410072	FIFA Street	5849
FIFA Street 2	45410085	FIFA STREET 2	5849
FIFA World Cup - Germany 2006	4541009C	2006 FIFA World Cup	5849
FIFA World Cup 2002	4541000B	FIFA World Cup TM	4039
Fight Club	5655002F	FightClub	5849
Fight Night 2004	4541004B	Fight Night 2004	5659
Fight Night Round 2	45410055	EA SPORTS FN 2	5849
Fila World Tour Tennis	54510009	FILA World Tour Tennis	4627
Final Fight Streetwise	43430013	Final Fight Streetwise	5849
Finding Nemo	5451001E	Finding Nemo	5344
Fireblade	4D570012	Fireblade	4831
FlatOut	454D0009	FlatOut	5849
FlatOut 2	454D0020	FlatOut2	5849
Flight Academy	41510002	FlightAcademy	4361
Ford Bold Moves Street Racing	454D001F	Ford Street Racing	5849
Ford Mustang: The Legend Lives	54540077	Ford Mustang	5849
Ford Racing 2	454D0007	Ford Racing 2	5558
Ford Racing 3	454D000D	Ford Racing 3	5849
Ford vs Chevy	54540089	Ford vs. Chevy	5849
Forgotten Realms: Demon Stone	49470074	N/A	5849
Forza Motorsport	4D53006E	Forza Motorsport	5849
Frankie Dettori Racing (PAL)			5849
Freaky Flyers	4D570007	Freaky Flyers	5455
Freedom Fighters	4541002E	Freedom Fighters	5558
Freestyle MetalX	4D570017	Freestyle MetalX	5455
Freestyle Street Soccer	3FA2CC33	Freestyle Street Soccer	5558
Frogger Beyond	4B4E0013	Frogger Beyond	4831
Frogger: Ancient Shadow	4B4E002C	Frogger Ancient Shadow	5849
Full Spectrum Warrior	54510022	Full Spectrum Warrior	5849
Full Spectrum Warrior: Ten Hammers	545100F8	Full Spectrum Warrior: Ten Hammers	5849
Furious Karting	4947000B	Furious Karting	5233
Futurama	46490002	Futurama	5233
Future Tactics: The Uprising	43560007	Uprising	5849
Fuzion Frenzy	4D530002	Fuzion Frenzy	3925
Galaxy Angel	42520001	GalaxyAngel	4831
Galleon	41540004	Galleon	5849
Gauntlet Dark Legacy	4D57000E	Gauntlet Dark Legacy	4242
Gauntlet: Seven Sorrows	4D570022	Gauntlet: Seven Sorrows	5849
Gene Troopers	544D0011	Gene Troopers	5849
Genma Onimusha	43430001	GENMA ONIMUSHA	3948
Ghost Master The Gravenville Chronicles	454D0004	Ghost Master	5849
Gladiator: Sword of Vengeance	4143001A	Gladiator: SoV	5558
Gladius	4C410008	Gladius™	5659
Goblin Commander: Unleash the Horde	4A410005	Goblin Commander	5659
Godzilla: Destroy All Monsters Melee	49470039	Godzilla: Melee	5233
Godzilla: Save the Earth	49470073	Save the Earth	5849
GoldenEye: Rogue Agent	4541005D	GoldenEye: Rogue Agent	5849
Gotcha	5454007E	Gotcha!	5849
Grabbed by the Ghoulies	4D530053	Grabbed by the Ghoulies	5659
Grand Theft Auto Double Pack			
Grand Theft Auto III	5454000E	Grand Theft Auto III	5659
Grand Theft Auto: San Andreas (The Trilogy)	545400A3	GTA San Andreas	5849
Grand Theft Auto: San Andreas (NTSC)	54540082		
Grand Theft Auto: San Andreas (PAL)	54540086		
Grand Theft Auto: Vice City	5454000F	Grand Theft Auto: Vice City	5659
Gravity Games Bike	4D57000D	Gravity Games Bike: Street Vert Dirt	4361
Greg Hastings' Tournament Paintball	41560042	Greg Hastings' Tournament Paintball	5849
Greg Hastings’ Tournament Paintball MAX’D	41560057	GHTP Max'd	5849
Grooverider Slot Car Thunder	45430002	Grooverider: Slot Car Thunder	5455
Group S Challenge	43430005	GROUP-S	5233
GUILTY GEAR ISUKA	41570001	GUILTY GEAR ISUKA	5849
Guilty Gear X2 #Reload	53410002	GuiltyGearX2#RELOAD	5849
GUN	4156004B	Gun	5849
Gun Metal	4D4A0003	Gun Metal	4361
GunGriffon: Allied Strike	54430009	GUNGRIFFON Allied Strike	5849
GunValkyrie	5345000B	GUNVALKYRIE	4134
Half-Life 2	45410091	Half - Life 2	5849
Half-Life 2 (hl2_xbox.xbe)	45410091	Half Life 2 - Retail Build	5849
Halo (NTSC)	4D530004	Halo	3925
Halo (NTSC-J)	4D530004	Halo	3948
Halo (PAL)	4D530004	Halo	3948
Halo 2	4D530064	Halo 2	5849
Halo 2 Multiplayer Map Pack	4D5380CD	Halo 2 Multiplayer Map Pack	5849
Harry Potter and the Chamber of Secrets	4541000E	N/A	5028
Harry Potter and the Goblet of Fire	45410077	Harry Potter: GOF	5849
Harry Potter and the Prisoner of Azkaban	4541004C	Harry Potter: POA	5849
Harry Potter and the Sorcerer's Stone	45410037	Harry Potter: SS	5659
Harry Potter: Quidditch World Cup	4541003D	Quidditch World Cup	5659
Headhunter: Redemption	53450025	Redemption	5849
Hello Kitty Roller Rescue	58500004	Hello Kitty Roller Rescue	5849
Hermann Maier Ski Racing 2005	4A570005	Ski Racing 2005	5849
Heroes of the Pacific	45430004	Heroes of the Pacific	5849
High Heat Baseball 2004	54440006	High Heat MLB 2004	5233
High Rollers Casino	4253000F	High Rollers Casino	5849
Hitman - Silent Assassin (NTSC-J)	45530009	Hitman: Silent Assassin	5233
Hitman 2: Silent Assassin	45530009	Hitman2: Silent Assassin	4531
Hitman: Blood Money	534300FA	Hitman Blood Money	5849
Hitman: Contracts	45530012	Hitman Contracts	5849
Hot Wheels: Stunt Track Challenge	54510089	Hot Wheels Stunt Track Challenge	5849
House of the Dead 2	53450008	House of the Dead 2	4831
House of the Dead 3	53450008	House of the Dead 3	4831
HUMMER Badlands	5454009C	Hummer	5849
Hunter: The Reckoning	56550007	Hunter: The Reckoning	4361
Hunter: The Reckoning Redeemer	5655002D	Hunter: Redeemer	5558
Ice Age 2: The Meltdown Video Game	5655004B	Ice Age 2 The Meltdown	5849
IHRA Drag Racing 2004	42530006	IHRA	5558
IHRA Drag Racing Sportsman Edition	42530011	IHRA Sportsman	5849
IHRA Professional Drag Racing 2005	4253000C	IHRA Pro 2005	5849
Indiana Jones: Emperor's Tomb	4C410007	Indiana Jones	5120
Indigo Prophecy	4947007B	Indigo Prophecy	5849
IndyCar Series	434D0006	INDYCAR™ SERIES	5455
IndyCar Series 2005	434D0024	IndyCar® Series 2005	5849
I-Ninja	4E4D000F	I-Ninja	5659
Innocent Tears	4B550001	Innocent Tears	4627
Inside Pitch 2003	4D530034	Inside Pitch 2003	5344
Intellivision Lives!	43560006	Intellivision Lives!	5659
International Superstar Soccer2	4B4E0008	International Superstar Soccer2	4361
Iron Phoenix	53410003	Iron Phoenix	5849
Jacked	454D001E	Jacked	5849
Jade Empire	4D53006D	Jade Empire	5849
JAWS Unleashed	4D4A000F	JAWS Unleashed	5849
Jet Set Radio Future	5345000A	Jet Set Radio Future	4134
Jikkyou World Soccer 2002	4B410001	World Soccer 2002	4134
Jockey's Road	4D530030	Jockey'sRoad	4531
Judge Dredd: Dredd vs Death	58490007	Dredd vs Death	5849
Juiced	545100EF	Juiced	5849
Jurassic Park: Operation Genesis	5656000A	Jurassic Park: Operation Genesis	5233
Just Cause	534300FB	Just Cause	5849
Justice League Heroes	57520001	Justice League Heroes	5849
Kabuki Warriors	43560001	Kabuki Warriors	3925
Kakuto Chojin	4D53000C	Kakuto Chojin	4928
Kameo: Elements of Power	4D530050	Kameo	
Kao the Kangaroo 2	4A570003	Kao the Kangaroo 2	5849
Karaoke Revolution	4B4E0025	Karaoke Revolution	5849
Karaoke Revolution Party	4B4E002E	Karaoke Revolution Party	5849
Kelly Slater's Pro Surfer	41560002	Kelly Slater's Pro Surfer	4627
Kikou Heidan J-Phoenix Plus	54410001	J Phoenix+	4134
kill.switch	4E4D000B	kill.switch	5558
King Arthur	4B4E0024	King Arthur	5849
King Of Fighters 2002	534E0006	THE KING OF FIGHTERS 2002	5849
King Of Fighters 2003	534E0003	THE KING OF FIGHTERS 2003	5849
King of Fighters: Maximum Impact - Maniax	534E0007	KOF MAXIMUM IMPACT MANIAX	5849
Kingdom Under Fire: Heroes	504C0006	Kingdom Under Fire: Heroes	5849
Kingdom Under Fire: The Crusaders	504C0004	Kingdom Under Fire  The Crusaders	5849
Knight's Apprentice: Memorick's Adventures (PAL)	4D490004	Memorick	5659
Knights of the Temple	544D0007	Knights of the Temple	5788
Knights of the Temple 2	544D0013	KOTT2	5849
Knockout Kings 2002	4541000A	Knockout Kings 2002	4039
Kung Fu Chaos	4D530031	Kung Fu Chaos	5120
L.A. Rush	4D570025	LA Rush	5849
Lake masters	4343000B	LAKEMASTERS	5455
Land of the Dead: Road to Fiddler's Green	47560004	Land of the Dead	5849
Largo Winch	5553000B	LARGO WINCH	4627
Le Tour De France	4B4E000F	TOUR DE FRANCE	4432
Legacy of Kain: Defiance	4553000F	LoK: Defiance	5659
Legends of Wrestling	41430003	Legends of Wrestling	4242
Legends of Wrestling II	4143000F	Legends of Wrestling 2	4831
LEGO Star Wars	4553001D	Lego Star Wars	5849
LEGO Star Wars II: The Original Trilogy	4C41001F	LEGO Star Wars II	5849
Leisure Suit Larry: Magna Cum Laude	56550031	Leisure Suit Larry: MCL	5849
Lemony Snicket's A Series of Unfortunate Events	4156001F	Lemony Snicket's Series	5849
Links 2004	4D53005D	Links 2004 	5558
LMA Manager 2003	434D0004	LMA Manager 2003	4721
LMA Manager 2004	434D000F	LMA Manager 2004	5659
LMA Manager 2005	434D0046	LMA Manager 2005	5849
LMA Manager 2006	434D0054	LMA Manager 2006	5849
Loons: The Fight For Fame	49470006	Loons - The Fight For Fame	4531
Lord of the Rings: Fellowship of the Ring	56550004	The Fellowship of the Ring	4831
Lord of the Rings: The Third Age	4541005F	LOTR3	5849
Lord of the Rings: Two Towers (NTSC)	45410010	The Two Towers(tm)	4928
Lord of the Rings: Two Towers (PAL)	45410010	The Two Towers(tm)	5120
LotR: The Return of the King	4541003E	The Return of the King™	5558
Lotus Challenge	58490005	Lotus Challenge	4928
Mace Griffin: Bounty Hunter	56550018	Mace Griffin Bounty Hunter	5344
Mad Dash Racing	45530001	Mad Dash Racing	3925
Madagascar	4156003B	Madagascar	5849
Madden 2002 	45410001	Madden NFL 2002	3925
Madden NFL 06	45410075	Madden NFL 06	5849
Madden NFL 07	4541009F	Madden NFL 07	5849
Madden NFL 08	454100AC	Madden NFL 08	5849
Madden NFL 09	4541023B	Madden NFL 09	5849
Madden NFL 2003	45410019	Madden NFL 2003	4432
Madden NFL 2004	45410036	Madden NFL 2004	5455
Madden NFL 2005	4541004D	Madden NFL 2005	5849
Mafia	54540009	Mafia	5849
Magatama	4D530066	magatama	5455
Magi Death Fight	544B0001	マジデスファイト！	4361
Magic: The Gathering - Battlegrounds	49470072	Magic: The Gathering - Battlegrounds	5659
Major League Baseball 2K5	53450037	ESPN Major League Baseball 2K5	5849
Major League Baseball 2K5: World Series Edition	54540096	Major League Baseball 2K5: WSE	5849
Major League Baseball 2K6	54540092	MLB 2K6	5849
Major League Baseball 2K7	545400B1	MLB 2K7	5849
Malice	4253000A	Malice	5849
Manhunt	54540019	Manhunt	5849
Marc Ecko's Getting Up: Contents Under Pressure	4947007D	Getting Up: Contents Under Pressure	5849
Marvel Nemesis: Rise of the Imperfects	4541038A	Imperfects	5849
Marvel vs. Capcom 2	43430007	MARVEL VS. CAPCOM2	5028
Marvel: Ultimate Alliance	4156005C	Ultimate Alliance	5849
Mashed - Drive to Survive	454D000A	Mashed	5849
Mashed - Fully Loaded	454D001B	Mashed Fully Loaded	5849
Mat Hoffman’s Pro BMX™ 2	4156000B	Mat Hoffman's Pro BMX 2	4721
Max Payne	54540003	Max Payne	3925
Max Payne 2: The Fall of Max Payne	5454000C	Max Payne 2	5558
Maximum Chase	4D53002E	MAXIMUM CHASE	5558
MechAssault	4D530017	MechAssault	4831
MechAssault 2: Lone Wolf	4D53006B	MechAssault2	5849
Medal of Honor European Assault	4541005E	MOH European Assault	5849
Medal of Honor: Frontline	4541001A	Medal Of Honor Frontline	4928
Medal of Honor: Rising Sun	4541003F	Medal of Honor: Rising Sun	5455
Mega Man Anniversary Collection	43430011	Megaman Anniversary Collection	5849
Melbourne Cup Challenge	48450004	Melbourne Cup Challenge	5849
Memorick - The Apprentice Knight	4D490004	Memorick	5659
Men of Valor	56550019	Men Of Valor	5849
Mercedes-Benz World Racing	544D0005	World Racing	5120
Mercenaries	4C410015	Mercenaries	5849
Metal Arms: Glitch in the System	5655000A	Metal Arms	5558
Metal Dungeon	58490001	MetalDungeon	4928
Metal Gear Solid 2: Substance	4B4E0007	MGS2 SUBSTANCE	4721
Metal Slug 3	534E0002	metal slug 3	5849
Metal Slug 4	534E0005	MetalSlug4	5849
Metal Slug 4 & 5 Bundle Pack			
Metal Wolf Chaos	46530006	Metal Wolf Chaos	5849
Miami Vice	44580001	MiamiVice	5849
Micro Machines	4947001C	Micro Machines	4928
Midnight Club 3: DUB Edition	54540079	DUB edition	5849
Midnight Club 3: DUB Edition Remix	54540079	DUB edition	5849
Midnight Club II	54540008	Midnight Club 2	5344
Midtown Madness 3	4D53002A	Midtown Madness 3	5233
Midway Arcade Treasures	4D57001C	Midway Arcade Treasures	5659
Midway Arcade Treasures 2	4D570020	Midway Arcade Treasures 2	5849
Midway Arcade Treasures 3	4D57002D	Midway Arcade Treasures 3	5849
Mike Tyson Heavyweight Boxing	434D0003	Mike Tyson Heavyweight Boxing	4361
Minority Report	41560014	Minority Report	4831
Mission Impossible: Operation Surma	4947001F	M:I - OP SURMA	5558
MLB SlugFest 20-03	4D570008	Slugfest	4627
MLB SlugFest 20-04	4D570009	Slugfest2004	5233
MLB SlugFest 2006	4D570038	Slugfest 2006	5849
MLB SlugFest: Loaded	4D57001D	SlugfestLoaded	5849
Mojo!	43560005	Mojo!	5558
Monopoly Party	4947000F	Monopoly Party	4831
Monster 4x4 World Circuit	55530049	Monster 4x4: World Circuit	5849
Monster Garage	41560041	Monster Garage	5849
Morrowind Game of the Year (GotY) Edition	42530005	Morrowind Game of the Year	5659
Mortal Kombat 7: Armageddon	4D570034	Mortal Kombat 7	5849
Mortal Kombat Deception Kollectors Edition	4D570019	Mortal Kombat Deception Kollector’ Edit	5849
Mortal Kombat: Deadly Alliance	4D57000C	MK Deadly Alliance	4721
Mortal Kombat: Deception	4D570019	Mortal Kombat  Deception	5849
Mortal Kombat: Shaolin Monks	4D570029	MK Shaolin Monks	5849
Motocross Mania 3	54540015	Motocross Mania 3	5849
MotoGP	54510008	MotoGP	4361
MotoGP 2	54510016	MotoGP 2	5233
MotoGP 3	54510088	MotoGP 3	5849
MTV Music Generator 3: This is the Remix!	434D0029	Music Generator 3 - This is the Rem	5849
MTV's Celebrity Deathmatch	5454000B	Celebrity Deathmatch	5233
MTX Mototrax	41560022	MTX Mototrax	5659
Murakumo (NTSC)	55530016	MURAKUMO	5028
Murakumo (NTSC-J)	46530001	-MURAKUMO-	4531
Muzzle Flash	56430001	Muzzle Flash	5120
MVP 06 NCAA Baseball	4541008D	MVP 06 NCAA Baseball	5849
MVP Baseball 2003	4541002D	MVP Baseball 2003	5120
MVP Baseball 2004	45410045	MVP Baseball 2004	5659
MVP Baseball 2005	45410056	MVP Baseball 2005	5849
MX 2002 (NTSC)	54510003	MX 2002 with Ricky Carmichael	3925
MX 2002 (PAL)	54510003	MX 2002 with Ricky Carmichael	3948
MX Superfly	54510010	MX Superfly featuring Ricky Carmichael	4928
MX Unleashed	54510021	MX Unleashed	5558
MX vs. ATV Unleashed	545100ED	MX vs ATV Unleashed	5849
MX World Tour: Featuring Jamie Little	4356000E	MX World Tour	5849
Myst III - Exile (NTSC-J)	4D500001	Myst III Exile	4361
Myst III: Exile (NTSC)	55530011	Myst III Exile	4627
Myst IV Revelation	5553004A	Myst IV Revelation	5849
N.U.D.E.@ - Natural Ultimate Digital Experiment	4D53003C	N.U.D.E.@	5120
Nakashima Tetsunari no Othello Seminar	53550002	中島哲也のｵｾﾛｾﾐﾅｰ	4361
Namco Museum	4E4D0007	NamcoMuseum	4831
Namco Museum 50th Anniversary Arcade Collection	4E4D0016	Namco Museum 50th Anniversary	5849
NARC	4D570024	Narc	5849
NASCAR 06: Total Team Control	4541008B	NASCAR 06	5849
NASCAR 07	454100A3	NASCAR 07	5849
NASCAR 2005: Chase for the Cup	45410053	NASCAR 2005	5849
NASCAR Thunder 2002	45410002	Nascar Thunder 2002	3925
NASCAR Thunder 2003	4541001B	NASCAR Thunder	4627
NASCAR Thunder 2004	45410031	NASCAR Thunder™	5455
NBA 2K2	53450002	NBA2K2	4039
NBA 2K3	53450013	NBA2K3	4831
NBA 2K6	54540090	NBA 2K6	5849
NBA 2K7	545400AE	NBA 2K7	5849
NBA Ballers	4D570010	NBA Ballers	5659
NBA Ballers: Phenom	4D57002E	NBA Ballers: Phenom	5849
NBA Inside Drive 2002	4D530011	NBA Inside Drive 2002	3948
NBA Inside Drive 2004	4D53000B	NBA Inside Drive 2004	5558
NBA Jam 2004	41430013	NBA Jam 2004	5659
NBA Live 06	4541007A	NBA LIVE 06	5849
NBA LIVE 07	454100A1	NBA LIVE 07	5849
NBA Live 2002	45410003	NBA Live 2002	3925
NBA Live 2003	4541001C	NBA Live 2003	4721
NBA Live 2004	45410038	NBA LIVE 2004	5455
NBA Live 2005	45410050	NBA LIVE 2005	5849
NBA Street V3	45410058	NBA STREET V3	5849
NBA Street Vol 2	45410027	NBA STREET Vol. 2	5233
NCAA College Basketball 2K3	53450018	NCAA CB 2K3	5028
NCAA Football 06	45410080	NCAA Football 06	5849
NCAA Football 07	454100A2	NCAA Football 07	5849
NCAA Football 08	454100AB	NCAA® Football 08	5849
NCAA Football 2003	4541001D	NCAA Football 2003	4432
NCAA Football 2004	45410035	NCAA Football 2004	5455
NCAA Football 2005	45410051	NCAA Football 2005	5849
NCAA Football 2K3	53450010	NCAA2K3	4721
NCAA March Madness 06	45410090	NCAA MARCH MADNESS 06	5849
NCAA March Madness 2004	45410044	NCAA March Madness 2004	5455
NCAA March Madness 2005	45410052	MARCH MADNESS 2005	5849
Need for Speed Carbon	4541009E	NFS_Carbon	5849
Need for Speed Most Wanted	4541007B	N/A	5849
Need for Speed Underground	45410047	NFS:Underground	5558
Need for Speed Underground 2	4541005A	NFS Underground 2	5849
Need For Speed: Hot Pursuit 2	45410028	NFS Hot Pursuit 2	4721
Neighbours From Hell	4A570002	Neighbours from Hell	5849
New Legends	54510001	New Legends	4039
Nezmix 	4D530023	ねずみくす	3948
NFL 2K2	53450006	NFL2K2	4039
NFL Blitz 2002	4D570001	NFL Blitz 20-02	4242
NFL Blitz 2003	4D57000A	NFL Blitz 20-03	4627
NFL Blitz Pro	4D570014	NFL Blitz Pro	5659
NFL Blitz: The League	4D570026	Blitz: The League	5849
NFL Fever 2002	4D530006	NFLFever	3925
NFL Fever 2003	4D530028	NFL Fever 2003	4721
NFL Fever 2004	4D53004D	NFL Fever 2004	5558
NFL Head Coach	4541008E	NFL Head Coach	5849
NFL Street	45410048	NFL STREET	5659
NFL Street 2	45410057	NFL STREET 2	5849
NHL 06	4541007C	NHL06	5849
NHL 07	454100A5	NHL 07	5849
NHL 2002	45410005	NHL 2002	3948
NHL 2003	4541001E	NHL 2003	4721
NHL 2004	45410030	NHL 2004	5558
NHL 2005	4541004F	NHL 2005	5849
NHL 2K3	53450017	NHL2K3	4831
NHL 2K6	5454008D	NHL 2K6	5849
NHL 2K7	545400AD	NHL 2K7	5849
NHL Hitz 2002 (NTSC)	4D570003	NHL Hitz 2002	3925
NHL Hitz 2002 (PAL)	4D570003	NHL Hitz 2002	4134
NHL Hitz 2003	4D57000B	NHL Hitz 2003	4531
NHL Hitz Pro	4D57001A	NHL Hitz Pro	5558
NHL Rivals 2004	4D53004E	NHL Rivals 2004	5558
Nickelodeon Party Blast	49470028	Nickelodeon Party Blast	4721
Nightcaster	4D530008	Nightcaster	4039
Nightcaster II: Equinox	4A410002	NightCaster2	4928
Ninja Gaiden	54430003	NINJA GAIDEN	5659
Ninja Gaiden BLACK	5443000D	NINJA GAIDEN Black	5849
Nobunaga Mahjong	45460001	SincyouMj	5233
Nobunaga no Yabou Ranseiki	4B4F0001	Nobu9Xbox	4039
Obscure	4D490009	Obscure	5849
Oddworld: Munch's Oddysee	4D530001	Oddworld: Munch's Oddysee	3925
Oddworld: Stranger's Wrath	4541006D	Stranger's Wrath	5849
Open Season	55530061	Open Season	5849
Operation Flashpoint: Elite	434D005A	Operation Flashpoint: Elite	5849
Otogi	46530002	OTOGI	5120
Otogi 2: Immortal Warriors	46530004	OTOGI2	5849
OTOGI -Hyakki Toubatsu Emaki-	46530004	OTOGI -Hyakki Toubatsu Emaki-	5659
Otogi: Myth of Demons	46530002	OTOGI	5455
Outlaw Golf	56550010	OUTLAW GOLF	4134
Outlaw Golf 2	54540017	Outlaw Golf 2	5849
Outlaw Tennis	54540076	Outlaw Tennis	5849
Outlaw Volleyball	53530003	Outlaw Volleyball	5455
Outlaw Volleyball: Red Hot	53538003	Outlaw Volleyball	5455
OutRun 2006: Coast to Coast	53450088	Coast 2 Coast	5849
OutRun2 (NTSC)	53450036	OutRun2	5849
OutRun2 (NTSC-J)	53450036	OutRun2	5849
Over The Hedge	41560058	OutRun2	5849
Pac-Man World 2	4E4D0006	Pac-Man World 2	4432
Pac-Man World 3	4E4D0017	Pac-Man World™ 3	5849
Painkiller: Hell Wars	44430003	Painkiller	5849
Panzer Dragoon Orta	53450007	Panzer Dragoon ORTA	4928
Panzer Elite Action	4A570009	Panzer Elite Action	5849
Pariah	47560001	Pariah	5849
Peter Jackson's King Kong	5553004C	Peter Jackson's King Kong official Game 	5849
Petit Copter	41510001	PetitCopter	4361
Phantasy Star Online Episode I & II	4D53004A	PSO	4831
Phantom Crash	504C0001	phantomcrash	4721
Phantom Dust	4D530046	PhantomDust	5849
Pilot Down: Behind Enemy Lines	4F580002	Pilot Down	5849
Pinball Hall of Fame	4356000A	Pinball Hall of Fame	5849
Pirates of the Caribbean	42530004	Pirates of the Caribbean	5455
Pirates: Legend of Black Kat	45410015	Pirates: The Legend of Black Kat	4134
Pitfall: The Lost Expedition	41560018	Pitfall: The Lost Expedition	5659
Playboy: The Mansion	41480002	Playboy the Mansion	5849
Plus Plumb 2	544B0004	Plus Plumb 2	5659
PocketBike Racer	4D5300D4	Pocketbike Racer	5849
Pool Shark 2	5A440001	PoolShark2	5849
Powerdrome	4253000B	Powerdrome	5659
Predator: Concrete Jungle	56550030	Predator	5849
Prince of Persia: Sands of Time	5553001D	Prince of Persia: The Sands of Time	5558
Prince of Persia: The Two Thrones	55530058	Prince of Persia: T2T	5849
Prince of Persia: Warrior Within	5553003B	Prince of Persia WW	5849
Prisoner of War	434D0008	Prisoner Of War	4432
Pro Beach Soccer (Ultimate Beach Soccer (PAL))	57450001	Pro Beach Soccer	5455
Pro Cast Sports Fishing	4343000B	PROCAST	5455
Pro Evolution Soccer 5	4B4E0030	ProEvolutionSoccer5	5849
Pro Fishing Challenge	41540003	ProFishingChallenge	5849
Pro Race Driver	434D0002	Race Driver	5233
Project Gotham - World Street Racer	4D530003	Project Gotham Racing	3948
Project Gotham Racing 2	4D53004B	Project Gotham Racing 2	5659
Project ZERO			4928
Project: Snowblind	45530019	Project: Snowblind	5849
ProStroke Golf: World Tour 2007	4F580004	ProStroke Golf	5849
Psi-Ops: The Mindgate Conspiracy	4D570016	PsiOps	5849
Psychonauts	4D4A0012	Psychonauts	5849
Psyvariar 2 Extended Edition	53550009	PSYVARIAR2 EXTEND EDITION	5849
Pulse Racer	4A410001	Pulse Racer	4928
Pump It Up: Exceed SE	41440002	PUMP IT UP: EXCEED	5849
Pure Pinball	54540011	Pure Pinbal	5849
Puyo Pop Fever	53450027	Puyo Pop Fever	5849
Quantum Redshift	4D530015	Quantum Redshift	4721
R: Racing Evolution	4E4D0008	R:RACING EVOLUTION	5558
RalliSport Challenge	4D53000F	RalliSport Challenge	4134
RalliSport Challenge 2	4D530039	RalliSport Challenge 2	5849
Rally Fusion:Race of Champions	41560009	Rally Fusion : Race Of Champions	4928
Rapala Pro Fishing	4156003A	Rapala Pro Fishing	5849
Ratatouille	54510109	Ratatouille	5849
Rayman 3 Hoodlum Havoc	55530002	Rayman 3	5233
Rayman Arena	55530003	Rayman Arena	4627
Raze’s Hell	4D4A0011	Raze's Hel	5849
Real World Golf	49410001	Real World Golf	5849
Red Card 2003	4D57000F	RedCard	4432
Red Dead Revolver	5454001A	Red Dead Revolver	5849
Red Faction II	54510005	Red Faction® II	5233
Red Ninja: End of Honor	56550027	End of Honor	5849
Reign of Fire	424D0002	Reign Of Fire	4928
Rent A Hero No. 1	5345001D	RENT A HERO No.1	5344
Reservoir Dogs	534300FF	Reservoir Dogs	5849
Return to Castle Wolfenstein: Tides of War	41560010	Wolfenstein	5344
Richard Burns Rally	53430005	Richard Burns Rally	5849
Ricky Ponting International Cricket 2005	434D0057	RPIC 2005	5849
RoadKill	4D570018	RoadKill	5849
Robin Hood: Defender of the Crown	4343000C	Robin Hood:DotC	5558
Robocop	54530005	Robocop	5120
Robotech: Battlecry	544D0002	Robotech: Battlecry	4721
Robotech: Invasion	5454001B	Robotech Invasion	5849
Robots	56550037	Robots	5849
Rocky	55530014	Rocky	4721
Rocky Legends	55530034	Rocky Legends	5849
Rogue Ops	4B420004	Rogue Ops	5558
Rogue Trooper	5343000E	Rogue Trooper	5849
RollerCoaster Tycoon	4947002E	Rollercoaster Tycoon	5233
Rolling	53430007	Rolling	5558
Room Zoom - Race for Impact	4A410006	Room Zoom - Race for Impact	5849
Rugby 06	45410087	EA SPORTS™ RUGBY 06	5849
Rugby 2005	45410061	EA SPORTS™ RUGBY 2005	5849
Rugby Challenge 2006	48500005	Rugby Challenge '06	5849
Rugby League	48450001	Rugby League	5558
Rugby League 2	48450005	Rugby League 2	5849
Run Like Hell	49500006	Run Like Hell	5233
Samurai Shodown V	534E0004	Samurai ShoDown V	5849
Samurai Warriors	4B4F0006	SamuraiWarriors	5849
Scaler	5454007A	Scaler	5849
SCAR - Squadra Corse Alfa Romeo	4C530002	SCAR	5849
Scarface: The World is Yours	5655003F	Scarface	5849
Scooby-Doo! Mystery Mayhem	5451000E	Scooby-Doo!™ Mystery Mayhem	5344
Scooby-Doo! Night of a 100 Frights	5451001F	Scooby-Doo!: Night of 100 Frights	5558
Scooby-Doo! Unmasked	545100F7	Scooby-Doo!™ Unmasked	5849
Scrapland	454C0001	Scrapland	5849
Sea World: Shamu's Deep Sea Adventures	41560050	Shamu's Deep Sea Adventures	5849
SeaBlade	56550017	Seablade	4831
Second Sight	434D0047	Second Sight	5849
Secret Weapons Over Normandy	4C410006	Secret Weapons Over Normandy	5659
Sega GT 2002	53450003	segaGT 2002	4627
Sega GT Online	53450021	segaGTOnline	5659
Sega Soccer Slam	53450014	Sega Soccer Slam	4432
Sengoku Musou	4B4F0005	戦国無双	5849
Sensible Soccer 2006	434D005B	Sensible Soccer	5849
Sentou Yousei Yukikaze	41510003	Yukikaze	5233
Serious Sam	54540004	Serious Sam	4928
Serious Sam II	5454000D	Serious Sam 2	5849
Shadow of Memories	4B4E000E	Shadow Of Memories	4627
Shadow Ops: Red Mercury	49470025	SO:RM	5788
Shadow The Hedgehog	53450086	Shadow The Hedgehog	5849
Shark Tale	41560038	Shark Tale	5849
Shattered Union	54540083	Shattered Union	5849
ShellShock: Nam '67	45530013	Shellshock NAM'67	5849
Shenmue 2	4D530032	Shenmue II	4721
Shikigami no Shiro	4D500002	式神の城	3948
Shikigami no Shiro Evolution	4B490001	ShikigaminoShiroEvolution	5028
Shikigami no Shiro II	4B490002	ShikigaminoShiro2	5849
Shin Megami Tensei Nine	41540002	DDS9	4928
Shin Sangoku Musou 4	4B4F0007	真・三國無双４	5849
Showdown: Legends of Wrestling	4143001D	SHOWDOWN: LEGENDS OF WRESTLING	5849
Shrek	544D0001	Shrek	3925
Shrek 2	41560037	Shrek 2	5788
Shrek SuperSlam	41560038	Shark Tale	5849
Shrek: Super Party	544D0004	Shrek Super Party	4831
Sid Meier's Pirates!	5454008F	Sid Meier's Pirates! ™	5849
Silent Hill 2 - Inner Fears (PAL)	4B4E0004	SILENT HILL 2	4531
Silent Hill 2: Restless Dreams	4B4E0004	SILENT HILL 2	3925
Silent Hill 4: The Room	4B4E001F	Silent Hill 4	5849
Silent Scope Complete	4B4E001A	Silent Scope Complete	5558
Ski Racing 2006	4A57000A	Ski Racing 2006	5849
Slam tennis	49470011	Slam Tennis	4242
Smashing Drive	4E4D0001	Smashing Drive	4242
Sneak King	4D5300D3	Sneak King	5849
Sneakers	4D530023	Sneakers	4531
Sniper Elite	4D49000D	Sniper Elite	5849
SNK vs. Capcom; SVC Chaos	534E0001	SNK VS. CAPCOM SVC CHAOS	5849
Soldier of Fortune II: Double Helix	4156001B	Soldier of Fortune II	5344
Sonic Heroes	5345002B	SONICHEROES	5659
Sonic Mega Collection Plus	5345003C	SONIC MEGACOLLECTION PLUS	5849
Sonic Riders	53450087	SONIC RIDERS	5849
Soul Calibur II (J)	4E4D0003	SOULCALIBUR2	5344
Soul Calibur II (NTSC)	4E4D0003	SOULCALIBUR2	5455
Spartan: Total Warrior	5345008B	Total Warrior	5849
Spawn: Armageddon	4E4D000C	Spawn: Armageddon	5455
Spawn: Armageddon (PAL)	4E4D000C	Spawn®: Armageddon	5659
Special Forces: Nemesis Strike			5849
Speed Kings	4143000B	Speed Kings	5344
Sphinx and the Cursed Mummy	54510023	Sphinx	5558
Spider-Man	4343000A	Spider-Man	4928
Spider-Man 2	4156002B	Spider-Man 2	5849
Spider-Man: The Movie Game	41560006	Spider-Man	4134
Spikeout: Battle Street	53450029	SPIKEOUT Battle Street	5849
Splashdown	4947001B	Splashdown	4531
Splat Renegade Paintball	54540093	Renegade Paintball	5849
SpongeBob SquarePants: Battle for Bikini Bottom	5451001A	SpongeBob SquarePants	5558
SpongeBob SquarePants: Lights, Camera, PANTS!	545100FA	Bob L'éponge : Silence on tourne!	5849
SpongeBob Squarepants: The Movie	54510027	The SpongeBob SquarePants Movie	5849
Spy Hunter	4D570004	Spy Hunter	4134
Spy Vs. Spy	54540084	Spy vs. Spy	5849
SpyHunter 2	4D57001B	SpyHunter 2	5659
SpyHunter: Nowhere to Run	4D570037	Spy Hunter: NTR	5849
Spyro: A Hero’s Tail	56550034	Spyro A Hero's Tail	5849
SSX 3	4541003C	SSX 3	5558
SSX On Tour	45410082	SSX™ On Tour	5849
SSX Tricky	45410004	SSX Tricky	3925
STACKED with Daniel Negreanu	4D4D0001	STACKED	5849
Stake: Fortune Fighters	4D440004	N/A	5344
Star Trek: Shattered Universe	544D0010	Star Trek: Shattered Universe	5558
Star Wars Battlefront II	4C41001A	Star Wars Battlefront 2	5849
Star Wars Jedi Academy 	4C41000B	Jedi Knight: Jedi Academy	5558
Star Wars Jedi Knight II	4C410009	Jedi Knight II	4721
Star Wars Jedi Starfighter	4C410005	Star Wars Jedi Starfighter	4361
Star Wars Starfighter: SE	4C410002	Starfighter SE	3948
Star Wars: Battlefront	4C410011	BattleFront	5849
Star Wars: Episode III Revenge of the Sith	4C410017	Star Wars: Episode III	5849
Star Wars: Knights of the Old Republic	4C410003	Star Wars: KotOR	5455
Star Wars: Knights of the Old Republic II	4C410014	KotOR II	5849
Star Wars: Obi-Wan	4C410001	Star Wars Obi-Wan	3948
Star Wars: Republic Commando	4C410013	Star Wars Republic Commando	5849
Star Wars: The Clone Wars	4C410004	SW: The Clone Wars	5233
Starsky & Hutch	454D0005	Starsky & Hutch	5344
State of Emergency	54540006	State of Emergency	5120
Steel Battalion	43430002	STEEL BATTALION	4627
Steel Battalion: Line of Contact	43430009	STEEL BATTALION : Line of Contact	5788
Stepmania X			5558
Still Life	4D49000B	StillLife	5849
Stolen	48500001	Stolen	5849
Street Fighter Anniversary Collection	4343000F	Street Fighter Anniversary Collection	5849
Street Hoops	41560003	Street Hoops	4721
Street Racing Syndicate	4E4D0013	Street Racing Syndicate	5849
Strike Force Bowling	43560008	Strike Force Bowling	5849
Stubbs the Zombie in Rebel without a Pulse	41590002	Stubbs the Zombie	5849
Sudeki	4D53000A	Sudeki	5849
Super Bubble Pop (PAL)	4A410004	Super Bubble Pop	5120
Super Monkey Ball Deluxe	53450038	SuperMonkeyBallDX	5849
Superman Returns	454100A0	Superman Returns: The Videogame	5849
Superman: The Man of Steel	49470016	Superman: The Man of Steel	4831
SWAT: Global Strike Team	56560025	SWAT:GST	5558
SX Superstar	41430010	SX Superstar	5233
Syberia	4D490006	Syberia	5344
Syberia II	4D490008	Syberia 2	5659
Taito Legends	454D001C	Taito Legends	5849
Taito Legends 2	454D0022	Taito Legends 2	5849
Tak 2: The Staff of Dreams	5451008B	Tak 2  The Staff Of Dreams	5849
Tak: The Great Juju Challenge	545100F4	Tak: The Great Juju Challenge	5849
Takahashi Junko no Mahjong Seminar	53550005	JunkoMj	4361
Tao Feng: Fist of the Lotus	4D530014	Tao Feng	5233
Taz: Wanted	4947000D	Taz: Wanted	4432
TD Overdrive	49470007	TD Overdrive	4361
Tecmo Classic Arcade	5443000E	TECMO CLASSIC ARCADE	5849
Teen Titans	4D4A0013	Teen Titans	5849
Teenage Mutant Ninja Turtles	4B4E001B	TMNT	5558
Teenage Mutant Ninja Turtles 2: Battlenexus	4B4E0023	TMNT(TM)2	5849
Teenage Mutant Ninja Turtles 3: Mutant Nightmare	4B4E002A	TMNT(R)3	5849
Teenage Mutant Ninja Turtles; Mutant Melee	4B4E0020	MNT(TM) Mutant Melee(TM)	5849
Tenchu 3 - Kaiki no Shou	46530005	天誅 参　～回帰ノ章～	5849
Tenchu: Return From Darkness	41560026	Tenchu: Return From Darkness	5849
Tenerezza	41500001	Tenerezza	5028
Tenku - Freestyle Snowboarding	4D53002F	Tenku	3948
Tennis Masters Series 2003	4D490003	TMS 2003	4531
Terminator 3: Rise of the Machines	4947003B	Terminator 3 - ROTM	5558
Terminator 3: The Redemption	4947003E	Terminator 3: The Redemption	5849
Terminator: Dawn of Fate	49470026	The Terminator: Dawn of Fate	4721
Test Drive	49470007	Test Drive	4361
Test Drive: Eve of Destruction	49470075	Test Drive: EOD	5849
Test Drive: Off Road	49470001	Test Drive Off-Road: Wide Open	3925
Tetris Worlds	5451000A	Tetris Worlds	4361
Tetris Worlds (J)	53550006	Tetris Worlds	4831
Tetris Worlds Online	5451001C	Tetris Worlds Live	5233
The Bard's Tale	49580001	The Bard's Tale	5849
The Bible Game	43560011	The Bible Game	5849
The Chronicles of Narnia: The Lion, The Witch and The Wardrobe	42560003	The Chronicles of Narnia: The Lion, the 	5849
The Chronicles of Riddick: Escape from Butcher Bay	56550026	Riddick	5849
The Da Vinci Code	545400AB	The Da Vinci Code	5849
The Dukes of Hazzard: Return of the General Lee	5553003A	Dukes of Hazzard	5849
The Godfather	4541007D	The Godfather™	5849
The Great Escape	53430003	The Great Escape	5344
The Guy Game	5454007B	The Guy Game	5849
The Haunted Mansion	544D000D	Haunted Mansion	5455
The Hobbit	56550023	The Hobbit	5558
The Hulk	56550011	The Hulk	5344
The Hustle: Detroit Streets	4156005B	The Hustle	5849
The Incredible Hulk: Ultimate Destruction	56550039	The Incredible Hulk:Ultimate Destruction	5849
The Incredibles	54510028	N/A	5849
The Incredibles: Rise of the Underminer	545100F6	The Incredibles: Rise of the Underminer	5849
The Italian Job	4553000E	The Italian Job	5344
The King of Fighters Neowave	534E000A	THE KING OF FIGHTERS NEOWAVE	5849
The Legend of Spyro: A New Beginning	5655004A	TLoS: A New Beginning	5849
The Lord of the Rings - The Two Towers (PAL)	45410010	The Two Towers(tm)	5120
The Matrix: Path of Neo	4947007C	The Matrix: PON	5849
The Punisher	54510018	The Punisher	5849
The Red Star	41430022	The Red Star	5849
The Simpsons Hit & Run (NTSC)	56550015	The Simpsons Hit & Run	5455
The Simpsons Hit & Run (PAL)	56550015	The Simpsons Hit & Run - PAL Release	5558
The Simpsons Road Rage (NTSC)	45410013	The Simpsons Road Rage	4034
The Simpsons Road Rage (PAL)	45410013	The Simpsons Road Rage	4039
The Sims	4541002F	The Sims™	5233
The Sims 2	4541038B	The Sims 2	5849
The Sims: Bustin' Out	45410043	N/A	5558
The Suffering	4D570015	The Suffering	5788
The Suffering: Ties That Bind	4D57002C	The Suffering: Ties That Bind	5849
The Thing	5655000D	The Thing	4627
The URBZ: Sims in the City	45410060	The Urbz - Sims in the City	5849
The Warriors	5454009B	The Warriors	5849
The Wild Rings	4D530048	THE WILD RINGS	4928
Thief: Deadly Shadows	45530004	Deadly Shadows	5849
ThousandLand	46530003	ThousandLand	5233
Thrillville	4C410022	Thrillville	5849
Tiger Woods PGA Tour 06	4541007E	Tiger Woods PGA TOUR® 06	5849
Tiger Woods PGA TOUR 07	454100A4	Tiger Woods PGA TOUR® 07	5849
Tiger Woods PGA Tour 2003	45410021	Tiger Woods PGA TOUR 2003	4721
Tiger Woods PGA Tour 2004	4541003A	Tiger Woods PGA TOUR 2004	5558
Tiger Woods PGA Tour 2005	45410054	Tiger Woods PGA TOUR® 2005	5849
Tim Burton’s The Nightmare Before Christmas: Oogie’s Revenge	42560004	Tim Burton's The Nightmare Before Christ	5849
TimeSplitters 2	4553000A	TimeSplitters 2	4721
TimeSplitters Future Perfect	45410066	TimeSplitters FP	5849
ToCA Race Driver 2: The Ultimate Racing Simulator	434D0011	Race Driver 2	5849
ToCA Race Driver 3	434D0050	Race Driver 3	5849
ToeJam & Earl III	5345000F	ToeJam & Earl III	4928
Tom and Jerry: War of the Whiskers	4E4B0001	Tom and Jerry	5558
Tom Clancy's Ghost Recon	55530006	Ghost Recon	4928
Tom Clancy's Ghost Recon 2	55530005	Ghost Recon 2	5849
Tom Clancy's Ghost Recon 2: Summit Strike	5553004D	Summit Strike	5849
Tom Clancy's Ghost Recon Advanced Warfighter	55530054	Ghost Recon: Advanced Warfighter	5849
Tom Clancy's Ghost Recon: Island Thunder	55530007	GR Island Thunder	5455
Tom Clancy's Rainbow Six : Critical Hour	5553005F	Critical Hour	5849
Tom Clancy's Rainbow Six 3	55530013	RainbowSix 3	5659
Tom Clancy's Rainbow Six 3: Black Arrow	55530037	Rainbow Six 3: Black Arrow	5849
Tom Clancy's Rainbow Six: Lockdown	55530048	RainbowSix Lockdown	5849
Tom Clancy's Splinter Cell	5553000C	Splinter Cell	4928
Tom Clancy's Splinter Cell Chaos Theory	55530041	Splinter Cell-CT vs	5849
Tom Clancy's Splinter Cell Double Agent	5553005E	Splinter Cell-DA	5849
Tom Clancy's Splinter Cell Pandora Tomorrow	55530019	Splinter Cell 2	5788
Tomb Raider: Legend	534300FD	Tomb Raider: Legend	5849
Tony Hawk’s American Wasteland	41560049	American Wasteland	5849
Tony Hawk's Pro Skater 2 X	41560001	Tony Hawk's Pro Skater 2X	3947
Tony Hawk's Pro Skater 3	41560004	Tony Hawk's Pro Skater 3	4039
Tony Hawk's Pro Skater 4	41560017	Tony Hawk's Pro Skater 4	4928
Tony Hawk's Underground	4156002D	Tony Hawk's Underground	5659
Tony Hawk's Underground 2	4156003C	THUG 2	5849
Top Gear: RPM Tuning (RPM Tuning)	4B420007	RPM Tuning	5849
Top Spin	4D530035	TopSpin	5558
Torino 2006	545400A9	Torino 2006	5849
Tork: Prehistoric Punk	55530040	Tork	5849
Total Club Manager 2004	45410041	TCM 2004	5455
Total Club Manager 2005	45410065	TCM 2005	5849
Total Immersion Racing	454D0003	Total Immersion Racing	4831
Total Overdose	53430010	Total Overdose	5849
Totaled!	4D4A0002	Totaled	4361
Touge R	41540001	TougeR	4831
Toxic Grind	54510007	Toxic Grind	4721
TransWorld Snowboarding	49470004	TransWorld Snowboarding	4831
TransWorld Surf	49470005	TransWorld Surf	3925
Triangle Again	4B4B0001	Triangle Again	4432
Triangle Again 2	4B4B0002	Triangle Again2	4831
Trigger Man	43560009	Trigger Man	5849
Triple Play 2002	45410009	Triple Play 2002	3948
Trivial Pursuit: Unhinged	4947003D	Trivial Pursuit: Unhinged	5849
Tron 2.0: Killer App	42560001	Killer App	5849
True Crime: New York City	41560045	True Crime: New York City	5849
True Crime: Streets of L.A.	4156000E	True Crime: Streets of LA	5659
Turok: Evolution	41430004	Turok Evolution	4627
Ty the Tasmanian Tiger	45410029	TY the Tasmanian Tiger	4831
TY the Tasmanian Tiger 2: Bush Rescue	45410063	TY2	5849
Ty the Tasmanian Tiger 3: Night of the Quinkan	41560055	TY the Tasmanian Tiger™ 3	5849
UEFA Champions League 2004 – 2005	45410070	UEFA CL 2004/05	5849
UEFA Euro 2004	4541004A	UEFA EURO 2004	5849
UFC: Tapout	43560002	UFC Tapout	4039
UFC: Tapout 2	544D000A	UFC TAPOUT2	5120
Ultimate Beach Soccer	57450001	Ultimate Beach Soccer	5455
Ultimate Pro Pinball	454D001D	Ultimate Pro Pinbal	5849
Ultimate Spider-Man	41560035	Ultimate Spider-Man	5849
Ultra Bust-A-Move	4D4A000C	Ultra Bust A Move	5849
Umesawa Yukari no Igo Seminar	53550003	梅沢由香里の囲碁ｾﾐﾅｰ	4361
Unreal Championship	49470024	Unreal Championship	4928
Unreal Championship 2: The Liandri Conflict	4D570021	Unreal Championship 2	5849
Unreal II: The Awakening	4947003C	Unreal II	5659
Urban Chaos: Riot Response	534300F7	Urban Chaos	5849
Urban Freestyle Soccer	4143000C	Urban Freestyle Soccer	5558
Van Helsing	56550029	Van Helsing	5788
Vexx	41430005	Vexx	5120
Vietcong: Purple Haze	5454000A	Vietcong: Purple Haze	5849
Virtual Pool: Tournament Edition	54540016	Virtual Pool Tournament Edition	5849
Voodoo Vince	4D53005F	Voodoo Vince	5558
V-Rally 3	49470034	V-Rally 3	5028
Wakeboarding Unleashed	4156000D	Wakeboarding Unleashed	5233
Wallace & Gromit in Project Zoo	424D0003	Project Zoo	5455
Wallace & Gromit: The Curse of the Were-Rabbit	4B4E0034	Wallace & Gromit COTW	5849
WarPath	4756000A	Warpath	5849
Whacked!	4D530027	Whacked	4831
Whiplash	45530011	Whiplash	5659
Whiteout	4B4E0001	WHITEOUT	4928
Winback 2: Project Poseidon	4B4F0008	WINBACK2	5849
Wings of War	54540018	Wings of War	5849
Winning Eleven 8	4B4E0027	Winning Eleven 8 International	5849
Without Warning	43430014	Without Warning	5849
World Championship Poker	4356000D	World Championship Poker	5849
World Championship Poker 2	43560010	WCP2	5849
World Championship Pool 2004	4A410007	World Championship Pool 2004	5659
World Championship Snooker 2003	434D000D	WCS2003	5455
World Championskip Rugby	4143001F	World Championship Rugby	5849
World Championskip Snooker 2004	434D002A	World Championship Snooker 2004	5849
World Poker Tour	54540087	World Poker Tour	5849
World Racing 2	544D0012	World Racing 2	5849
World Series Baseball 2002	5345000E	WSB	4134
World Series Baseball 2K3	5345001A	WSB 2K3	5233
World Series of Poker	41560054	World Series of Poker	5849
World Snooker Championship 2005	53450081	World Snooker Championship 2005	5849
World Soccer Winning Eleven 9 International	4B4E002F	World Soccer Winning Eleven 9	5849
World War II Combat: Iwo Jima	4756000B	WWII Combat: Iwo Jima	5849
World War II Combat: Road to Berlin	47560009	WWII Combat	
Worms 3D: Special Edition	5345002A	Worms 3D Special Edition	5849
Worms 4: Mayhem	4D4A0017	Worms 4 Mayhem	5849
Worms: Forts Under Siege	53450035	Worms Forts Under Siege	5849
Wrath Unleashed	4C41000F	Wrath Unleashed	5558
Wreckless: The Yakuza Missions	4156000A	WRECKLESS	4134
WTA Tour Tennis	4B4E0010	WTA Tour Tennis	4721
WWE Raw 2: Ruthless Agression	5451000D	WWE RAW2	5233
WWE WrestleMania 21	54510024	WWE Wrestlemania XXI	5849
WWF: Raw (NTSC)	54510002	RAW	4134
WWF: Raw (PAL)	54510002	RAW	4361
Xbox Live Arcade	4D5300C8	Xbox Live Arcade	5849
Xbox Music Mixer	4D53005A	Xbox Music Mixer	5558
XGRA - Extreme G Racing Association	41430014	XGRA	5558
Xiaolin Showdown	4B4E0038	Xiaolin Showdown	5849
XIII	55530009	XIII	5558
X-Men 2 - Wolverine's Revenge	41560008	X2 Wolverine's Revenge	5233
X-Men Legends II: Rise of Apocalypse	41560047	X-Men Legends 2: Rise of Apocalypse	5849
X-Men: Next Dimension	41560007	X-Men: Next Dimension	4928
X-Men: The Official Game	41560046	XmenFINAL	5849
Xyanide	50430001	Xyanide	5849
Yager	54510006	Yager	5344
Yetisports Arctic Adventures	4A570004	Yetisports Arctic Adventures	5849
Yourself!Fitness	52440001	Yourself!Fitness	5849
Yu-Gi-Oh! The Dawn of Destiny (NTSC)	4B4E001E	Yu-Gi-Oh! The Dawn of Destiny	5558
Yu-Gi-Oh! The Dawn of Destiny (PAL)	4B4E001E	N/A	5849
Zapper	49470012	Zapper	4831
Zathura	5454008C	Zathura	5849

